"filename", "language", "Python", "YAML", "Markdown", "Rust", "CMake", "pip requirements", "C", "Makefile", "C++", "JSON", "Properties", "PowerShell", "Batch", "Go Assembly", "comment", "blank", "total"
"d:\Projects\C\cleonos\.github\workflows\build-os.yml", "YAML", 0, 76, 0, 0, 0, 0, 0, 0, 0, 0, 0, 0, 0, 0, 1, 11, 88
"d:\Projects\C\cleonos\CMakeLists.txt", "CMake", 0, 0, 0, 0, 776, 0, 0, 0, 0, 0, 0, 0, 0, 0, 0, 98, 874
"d:\Projects\C\cleonos\Makefile", "Makefile", 0, 0, 0, 0, 0, 0, 0, 130, 0, 0, 0, 0, 0, 0, 0, 24, 154
"d:\Projects\C\cleonos\README.md", "Markdown", 0, 0, 92, 0, 0, 0, 0, 0, 0, 0, 0, 0, 0, 0, 0, 34, 126
"d:\Projects\C\cleonos\README.zh-CN.md", "Markdown", 0, 0, 92, 0, 0, 0, 0, 0, 0, 0, 0, 0, 0, 0, 0, 34, 126
"d:\Projects\C\cleonos\cleonos\c\apps\ansi_main.c", "C", 0, 0, 0, 0, 0, 0, 43, 0, 0, 0, 0, 0, 0, 0, 0, 11, 54
"d:\Projects\C\cleonos\cleonos\c\apps\ansitest_main.c", "C", 0, 0, 0, 0, 0, 0, 142, 0, 0, 0, 0, 0, 0, 0, 0, 35, 177
"d:\Projects\C\cleonos\cleonos\c\apps\append_main.c", "C", 0, 0, 0, 0, 0, 0, 74, 0, 0, 0, 0, 0, 0, 0, 0, 18, 92
"d:\Projects\C\cleonos\cleonos\c\apps\args_main.c", "C", 0, 0, 0, 0, 0, 0, 49, 0, 0, 0, 0, 0, 0, 0, 0, 13, 62
"d:\Projects\C\cleonos\cleonos\c\apps\bg_main.c", "C", 0, 0, 0, 0, 0, 0, 101, 0, 0, 0, 0, 0, 0, 0, 0, 26, 127
"d:\Projects\C\cleonos\cleonos\c\apps\cat_main.c", "C", 0, 0, 0, 0, 0, 0, 87, 0, 0, 0, 0, 0, 0, 0, 0, 22, 109
"d:\Projects\C\cleonos\cleonos\c\apps\cd_main.c", "C", 0, 0, 0, 0, 0, 0, 54, 0, 0, 0, 0, 0, 0, 0, 0, 15, 69
"d:\Projects\C\cleonos\cleonos\c\apps\clear_main.c", "C", 0, 0, 0, 0, 0, 0, 39, 0, 0, 0, 0, 0, 0, 0, 0, 11, 50
"d:\Projects\C\cleonos\cleonos\c\apps\cmd_runtime.c", "C", 0, 0, 0, 0, 0, 0, 464, 0, 0, 0, 0, 0, 0, 0, 0, 139, 603
"d:\Projects\C\cleonos\cleonos\c\apps\cmd_runtime.h", "C++", 0, 0, 0, 0, 0, 0, 0, 0, 84, 0, 0, 0, 0, 0, 0, 19, 103
"d:\Projects\C\cleonos\cleonos\c\apps\cp_main.c", "C", 0, 0, 0, 0, 0, 0, 111, 0, 0, 0, 0, 0, 0, 0, 0, 25, 136
"d:\Projects\C\cleonos\cleonos\c\apps\cut_main.c", "C", 0, 0, 0, 0, 0, 0, 214, 0, 0, 0, 0, 0, 0, 0, 1, 55, 270
"d:\Projects\C\cleonos\cleonos\c\apps\dltest_main.c", "C", 0, 0, 0, 0, 0, 0, 38, 0, 0, 0, 0, 0, 0, 0, 0, 11, 49
"d:\Projects\C\cleonos\cleonos\c\apps\dmesg_main.c", "C", 0, 0, 0, 0, 0, 0, 64, 0, 0, 0, 0, 0, 0, 0, 0, 18, 82
"d:\Projects\C\cleonos\cleonos\c\apps\elfrunner_kmain.c", "C", 0, 0, 0, 0, 0, 0, 6, 0, 0, 0, 0, 0, 0, 0, 0, 3, 9
"d:\Projects\C\cleonos\cleonos\c\apps\elfrunner_main.c", "C", 0, 0, 0, 0, 0, 0, 6, 0, 0, 0, 0, 0, 0, 0, 0, 3, 9
"d:\Projects\C\cleonos\cleonos\c\apps\exec_main.c", "C", 0, 0, 0, 0, 0, 0, 87, 0, 0, 0, 0, 0, 0, 0, 0, 22, 109
"d:\Projects\C\cleonos\cleonos\c\apps\exit_main.c", "C", 0, 0, 0, 0, 0, 0, 54, 0, 0, 0, 0, 0, 0, 0, 0, 14, 68
"d:\Projects\C\cleonos\cleonos\c\apps\fastfetch_main.c", "C", 0, 0, 0, 0, 0, 0, 180, 0, 0, 0, 0, 0, 0, 0, 0, 34, 214
"d:\Projects\C\cleonos\cleonos\c\apps\fg_main.c", "C", 0, 0, 0, 0, 0, 0, 150, 0, 0, 0, 0, 0, 0, 0, 0, 36, 186
"d:\Projects\C\cleonos\cleonos\c\apps\fsstat_main.c", "C", 0, 0, 0, 0, 0, 0, 46, 0, 0, 0, 0, 0, 0, 0, 0, 11, 57
"d:\Projects\C\cleonos\cleonos\c\apps\grep_main.c", "C", 0, 0, 0, 0, 0, 0, 196, 0, 0, 0, 0, 0, 0, 0, 0, 55, 251
"d:\Projects\C\cleonos\cleonos\c\apps\head_main.c", "C", 0, 0, 0, 0, 0, 0, 165, 0, 0, 0, 0, 0, 0, 0, 0, 47, 212
"d:\Projects\C\cleonos\cleonos\c\apps\hello_main.c", "C", 0, 0, 0, 0, 0, 0, 5, 0, 0, 0, 0, 0, 0, 0, 0, 2, 7
"d:\Projects\C\cleonos\cleonos\c\apps\help_main.c", "C", 0, 0, 0, 0, 0, 0, 80, 0, 0, 0, 0, 0, 0, 0, 0, 10, 90
"d:\Projects\C\cleonos\cleonos\c\apps\jobs_main.c", "C", 0, 0, 0, 0, 0, 0, 120, 0, 0, 0, 0, 0, 0, 0, 0, 26, 146
"d:\Projects\C\cleonos\cleonos\c\apps\kbdstat_main.c", "C", 0, 0, 0, 0, 0, 0, 44, 0, 0, 0, 0, 0, 0, 0, 0, 11, 55
"d:\Projects\C\cleonos\cleonos\c\apps\kdbg_main.c", "C", 0, 0, 0, 0, 0, 0, 214, 0, 0, 0, 0, 0, 0, 0, 0, 56, 270
"d:\Projects\C\cleonos\cleonos\c\apps\kill_main.c", "C", 0, 0, 0, 0, 0, 0, 144, 0, 0, 0, 0, 0, 0, 0, 0, 39, 183
"d:\Projects\C\cleonos\cleonos\c\apps\libctest_main.c", "C", 0, 0, 0, 0, 0, 0, 219, 0, 0, 0, 0, 0, 0, 0, 0, 39, 258
"d:\Projects\C\cleonos\cleonos\c\apps\libdemo_main.c", "C", 0, 0, 0, 0, 0, 0, 19, 0, 0, 0, 0, 0, 0, 0, 0, 6, 25
"d:\Projects\C\cleonos\cleonos\c\apps\ls_main.c", "C", 0, 0, 0, 0, 0, 0, 276, 0, 0, 0, 0, 0, 0, 0, 0, 81, 357
"d:\Projects\C\cleonos\cleonos\c\apps\memc_kmain.c", "C", 0, 0, 0, 0, 0, 0, 6, 0, 0, 0, 0, 0, 0, 0, 0, 3, 9
"d:\Projects\C\cleonos\cleonos\c\apps\memc_main.c", "C", 0, 0, 0, 0, 0, 0, 8, 0, 0, 0, 0, 0, 0, 0, 0, 3, 11
"d:\Projects\C\cleonos\cleonos\c\apps\memstat_main.c", "C", 0, 0, 0, 0, 0, 0, 43, 0, 0, 0, 0, 0, 0, 0, 0, 11, 54
"d:\Projects\C\cleonos\cleonos\c\apps\mkdir_main.c", "C", 0, 0, 0, 0, 0, 0, 57, 0, 0, 0, 0, 0, 0, 0, 0, 16, 73
"d:\Projects\C\cleonos\cleonos\c\apps\mv_main.c", "C", 0, 0, 0, 0, 0, 0, 102, 0, 0, 0, 0, 0, 0, 0, 0, 28, 130
"d:\Projects\C\cleonos\cleonos\c\apps\pid_main.c", "C", 0, 0, 0, 0, 0, 0, 39, 0, 0, 0, 0, 0, 0, 0, 0, 11, 50
"d:\Projects\C\cleonos\cleonos\c\apps\procstat_main.c", "C", 0, 0, 0, 0, 0, 0, 202, 0, 0, 0, 0, 0, 0, 0, 0, 43, 245
"d:\Projects\C\cleonos\cleonos\c\apps\ps_main.c", "C", 0, 0, 0, 0, 0, 0, 160, 0, 0, 0, 0, 0, 0, 0, 0, 35, 195
"d:\Projects\C\cleonos\cleonos\c\apps\pwd_main.c", "C", 0, 0, 0, 0, 0, 0, 39, 0, 0, 0, 0, 0, 0, 0, 0, 11, 50
"d:\Projects\C\cleonos\cleonos\c\apps\restart_main.c", "C", 0, 0, 0, 0, 0, 0, 40, 0, 0, 0, 0, 0, 0, 0, 0, 11, 51
"d:\Projects\C\cleonos\cleonos\c\apps\rm_main.c", "C", 0, 0, 0, 0, 0, 0, 57, 0, 0, 0, 0, 0, 0, 0, 0, 16, 73
"d:\Projects\C\cleonos\cleonos\c\apps\shell\shell_cmd.c", "C", 0, 0, 0, 0, 0, 0, 2534, 0, 0, 0, 0, 0, 0, 0, 0, 637, 3171
"d:\Projects\C\cleonos\cleonos\c\apps\shell\shell_external.c", "C", 0, 0, 0, 0, 0, 0, 184, 0, 0, 0, 0, 0, 0, 0, 0, 57, 241
"d:\Projects\C\cleonos\cleonos\c\apps\shell\shell_input.c", "C", 0, 0, 0, 0, 0, 0, 567, 0, 0, 0, 0, 0, 0, 0, 0, 149, 716
"d:\Projects\C\cleonos\cleonos\c\apps\shell\shell_internal.h", "C++", 0, 0, 0, 0, 0, 0, 0, 0, 105, 0, 0, 0, 0, 0, 0, 20, 125
"d:\Projects\C\cleonos\cleonos\c\apps\shell\shell_path.c", "C", 0, 0, 0, 0, 0, 0, 153, 0, 0, 0, 0, 0, 0, 0, 0, 50, 203
"d:\Projects\C\cleonos\cleonos\c\apps\shell\shell_script.c", "C", 0, 0, 0, 0, 0, 0, 35, 0, 0, 0, 0, 0, 0, 0, 0, 12, 47
"d:\Projects\C\cleonos\cleonos\c\apps\shell\shell_util.c", "C", 0, 0, 0, 0, 0, 0, 263, 0, 0, 0, 0, 0, 0, 0, 0, 77, 340
"d:\Projects\C\cleonos\cleonos\c\apps\shell_main.c", "C", 0, 0, 0, 0, 0, 0, 19, 0, 0, 0, 0, 0, 0, 0, 0, 6, 25
"d:\Projects\C\cleonos\cleonos\c\apps\shstat_main.c", "C", 0, 0, 0, 0, 0, 0, 45, 0, 0, 0, 0, 0, 0, 0, 0, 11, 56
"d:\Projects\C\cleonos\cleonos\c\apps\shutdown_main.c", "C", 0, 0, 0, 0, 0, 0, 40, 0, 0, 0, 0, 0, 0, 0, 0, 11, 51
"d:\Projects\C\cleonos\cleonos\c\apps\sleep_main.c", "C", 0, 0, 0, 0, 0, 0, 52, 0, 0, 0, 0, 0, 0, 0, 0, 14, 66
"d:\Projects\C\cleonos\cleonos\c\apps\sort_main.c", "C", 0, 0, 0, 0, 0, 0, 205, 0, 0, 0, 0, 0, 0, 0, 0, 63, 268
"d:\Projects\C\cleonos\cleonos\c\apps\spawn_main.c", "C", 0, 0, 0, 0, 0, 0, 76, 0, 0, 0, 0, 0, 0, 0, 0, 20, 96
"d:\Projects\C\cleonos\cleonos\c\apps\spin_main.c", "C", 0, 0, 0, 0, 0, 0, 13, 0, 0, 0, 0, 0, 0, 0, 0, 4, 17
"d:\Projects\C\cleonos\cleonos\c\apps\stats_main.c", "C", 0, 0, 0, 0, 0, 0, 103, 0, 0, 0, 0, 0, 0, 0, 0, 17, 120
"d:\Projects\C\cleonos\cleonos\c\apps\sysstat_main.c", "C", 0, 0, 0, 0, 0, 0, 267, 0, 0, 0, 0, 0, 0, 0, 0, 45, 312
"d:\Projects\C\cleonos\cleonos\c\apps\tail_main.c", "C", 0, 0, 0, 0, 0, 0, 191, 0, 0, 0, 0, 0, 0, 0, 0, 54, 245
"d:\Projects\C\cleonos\cleonos\c\apps\taskstat_main.c", "C", 0, 0, 0, 0, 0, 0, 43, 0, 0, 0, 0, 0, 0, 0, 0, 11, 54
"d:\Projects\C\cleonos\cleonos\c\apps\top_main.c", "C", 0, 0, 0, 0, 0, 0, 194, 0, 0, 0, 0, 0, 0, 0, 0, 45, 239
"d:\Projects\C\cleonos\cleonos\c\apps\touch_main.c", "C", 0, 0, 0, 0, 0, 0, 58, 0, 0, 0, 0, 0, 0, 0, 0, 16, 74
"d:\Projects\C\cleonos\cleonos\c\apps\tty_main.c", "C", 0, 0, 0, 0, 0, 0, 64, 0, 0, 0, 0, 0, 0, 0, 0, 17, 81
"d:\Projects\C\cleonos\cleonos\c\apps\ttydrv_main.c", "C", 0, 0, 0, 0, 0, 0, 6, 0, 0, 0, 0, 0, 0, 0, 0, 3, 9
"d:\Projects\C\cleonos\cleonos\c\apps\uniq_main.c", "C", 0, 0, 0, 0, 0, 0, 168, 0, 0, 0, 0, 0, 0, 0, 0, 48, 216
"d:\Projects\C\cleonos\cleonos\c\apps\userstat_main.c", "C", 0, 0, 0, 0, 0, 0, 48, 0, 0, 0, 0, 0, 0, 0, 0, 11, 59
"d:\Projects\C\cleonos\cleonos\c\apps\wait_main.c", "C", 0, 0, 0, 0, 0, 0, 68, 0, 0, 0, 0, 0, 0, 0, 0, 17, 85
"d:\Projects\C\cleonos\cleonos\c\apps\wavplay_main.c", "C", 0, 0, 0, 0, 0, 0, 455, 0, 0, 0, 0, 0, 0, 0, 0, 110, 565
"d:\Projects\C\cleonos\cleonos\c\apps\wc_main.c", "C", 0, 0, 0, 0, 0, 0, 165, 0, 0, 0, 0, 0, 0, 0, 0, 45, 210
"d:\Projects\C\cleonos\cleonos\c\apps\write_main.c", "C", 0, 0, 0, 0, 0, 0, 74, 0, 0, 0, 0, 0, 0, 0, 0, 18, 92
"d:\Projects\C\cleonos\cleonos\c\apps\yield_main.c", "C", 0, 0, 0, 0, 0, 0, 39, 0, 0, 0, 0, 0, 0, 0, 0, 11, 50
"d:\Projects\C\cleonos\cleonos\c\include\cleonos_rust_bridge.h", "C++", 0, 0, 0, 0, 0, 0, 0, 0, 6, 0, 0, 0, 0, 0, 0, 4, 10
"d:\Projects\C\cleonos\cleonos\c\include\cleonos_stdio.h", "C++", 0, 0, 0, 0, 0, 0, 0, 0, 4, 0, 0, 0, 0, 0, 0, 3, 7
"d:\Projects\C\cleonos\cleonos\c\include\cleonos_syscall.h", "C++", 0, 0, 0, 0, 0, 0, 0, 0, 206, 0, 0, 0, 0, 0, 0, 10, 216
"d:\Projects\C\cleonos\cleonos\c\include\ctype.h", "C++", 0, 0, 0, 0, 0, 0, 0, 0, 14, 0, 0, 0, 0, 0, 0, 3, 17
"d:\Projects\C\cleonos\cleonos\c\include\dlfcn.h", "C++", 0, 0, 0, 0, 0, 0, 0, 0, 6, 0, 0, 0, 0, 0, 0, 3, 9
"d:\Projects\C\cleonos\cleonos\c\include\stdio.h", "C++", 0, 0, 0, 0, 0, 0, 0, 0, 21, 0, 0, 0, 0, 0, 0, 7, 28
"d:\Projects\C\cleonos\cleonos\c\include\stdlib.h", "C++", 0, 0, 0, 0, 0, 0, 0, 0, 27, 0, 0, 0, 0, 0, 0, 10, 37
"d:\Projects\C\cleonos\cleonos\c\include\string.h", "C++", 0, 0, 0, 0, 0, 0, 0, 0, 25, 0, 0, 0, 0, 0, 0, 5, 30
"d:\Projects\C\cleonos\cleonos\c\src\dlfcn.c", "C", 0, 0, 0, 0, 0, 0, 33, 0, 0, 0, 0, 0, 0, 0, 0, 16, 49
"d:\Projects\C\cleonos\cleonos\c\src\libc_ctype.c", "C", 0, 0, 0, 0, 0, 0, 34, 0, 0, 0, 0, 0, 0, 0, 0, 12, 46
"d:\Projects\C\cleonos\cleonos\c\src\libc_stdlib.c", "C", 0, 0, 0, 0, 0, 0, 198, 0, 0, 0, 0, 0, 0, 0, 0, 57, 255
"d:\Projects\C\cleonos\cleonos\c\src\libc_string.c", "C", 0, 0, 0, 0, 0, 0, 340, 0, 0, 0, 0, 0, 0, 0, 0, 106, 446
"d:\Projects\C\cleonos\cleonos\c\src\runtime.c", "C", 0, 0, 0, 0, 0, 0, 41, 0, 0, 0, 0, 0, 0, 0, 0, 13, 54
"d:\Projects\C\cleonos\cleonos\c\src\stdio.c", "C", 0, 0, 0, 0, 0, 0, 393, 0, 0, 0, 0, 0, 0, 0, 0, 108, 501
"d:\Projects\C\cleonos\cleonos\c\src\syscall.c", "C", 0, 0, 0, 0, 0, 0, 278, 0, 0, 0, 0, 0, 0, 0, 0, 90, 368
"d:\Projects\C\cleonos\cleonos\c\stub.c", "C", 0, 0, 0, 0, 0, 0, 3, 0, 0, 0, 0, 0, 0, 0, 4, 2, 9
"d:\Projects\C\cleonos\cleonos\rust\src\lib.rs", "Rust", 0, 0, 0, 23, 0, 0, 0, 0, 0, 0, 0, 0, 0, 0, 0, 9, 32
"d:\Projects\C\cleonos\clks\arch\aarch64\boot.c", "C", 0, 0, 0, 0, 0, 0, 6, 0, 0, 0, 0, 0, 0, 0, 0, 1, 7
"d:\Projects\C\cleonos\clks\arch\x86_64\boot.c", "C", 0, 0, 0, 0, 0, 0, 6, 0, 0, 0, 0, 0, 0, 0, 0, 1, 7
"d:\Projects\C\cleonos\clks\arch\x86_64\exec_stack_call.S", "Go Assembly", 0, 0, 0, 0, 0, 0, 0, 0, 0, 0, 0, 0, 0, 40, 0, 8, 48
"d:\Projects\C\cleonos\clks\arch\x86_64\interrupt_stubs.S", "Go Assembly", 0, 0, 0, 0, 0, 0, 0, 0, 0, 0, 0, 0, 0, 108, 0, 12, 120
"d:\Projects\C\cleonos\clks\drivers\audio\pcspeaker.c", "C", 0, 0, 0, 0, 0, 0, 101, 0, 0, 0, 0, 0, 0, 0, 0, 25, 126
"d:\Projects\C\cleonos\clks\drivers\serial\serial.c", "C", 0, 0, 0, 0, 0, 0, 52, 0, 0, 0, 0, 0, 0, 0, 0, 16, 68
"d:\Projects\C\cleonos\clks\drivers\video\font8x8.c", "C", 0, 0, 0, 0, 0, 0, 67, 0, 0, 0, 0, 0, 0, 0, 0, 8, 75
"d:\Projects\C\cleonos\clks\drivers\video\font8x8.h", "C++", 0, 0, 0, 0, 0, 0, 0, 0, 5, 0, 0, 0, 0, 0, 0, 3, 8
"d:\Projects\C\cleonos\clks\drivers\video\framebuffer.c", "C", 0, 0, 0, 0, 0, 0, 251, 0, 0, 0, 0, 0, 0, 0, 0, 70, 321
"d:\Projects\C\cleonos\clks\drivers\video\psf_font.c", "C", 0, 0, 0, 0, 0, 0, 230, 0, 0, 0, 0, 0, 0, 0, 0, 56, 286
"d:\Projects\C\cleonos\clks\drivers\video\psf_font.h", "C++", 0, 0, 0, 0, 0, 0, 0, 0, 15, 0, 0, 0, 0, 0, 0, 5, 20
"d:\Projects\C\cleonos\clks\include\clks\audio.h", "C++", 0, 0, 0, 0, 0, 0, 0, 0, 9, 0, 0, 0, 0, 0, 0, 3, 12
"d:\Projects\C\cleonos\clks\include\clks\boot.h", "C++", 0, 0, 0, 0, 0, 0, 0, 0, 11, 0, 0, 0, 0, 0, 0, 4, 15
"d:\Projects\C\cleonos\clks\include\clks\compiler.h", "C++", 0, 0, 0, 0, 0, 0, 0, 0, 13, 0, 0, 0, 0, 0, 0, 4, 17
"d:\Projects\C\cleonos\clks\include\clks\cpu.h", "C++", 0, 0, 0, 0, 0, 0, 0, 0, 20, 0, 0, 0, 0, 0, 0, 4, 24
"d:\Projects\C\cleonos\clks\include\clks\desktop.h", "C++", 0, 0, 0, 0, 0, 0, 0, 0, 7, 0, 0, 0, 0, 0, 0, 4, 11
"d:\Projects\C\cleonos\clks\include\clks\driver.h", "C++", 0, 0, 0, 0, 0, 0, 0, 0, 29, 0, 0, 0, 0, 0, 0, 8, 37
"d:\Projects\C\cleonos\clks\include\clks\elf64.h", "C++", 0, 0, 0, 0, 0, 0, 0, 0, 32, 0, 0, 0, 0, 0, 0, 9, 41
"d:\Projects\C\cleonos\clks\include\clks\elfrunner.h", "C++", 0, 0, 0, 0, 0, 0, 0, 0, 6, 0, 0, 0, 0, 0, 0, 3, 9
"d:\Projects\C\cleonos\clks\include\clks\exec.h", "C++", 0, 0, 0, 0, 0, 0, 0, 0, 81, 0, 0, 0, 0, 0, 0, 8, 89
"d:\Projects\C\cleonos\clks\include\clks\framebuffer.h", "C++", 0, 0, 0, 0, 0, 0, 0, 0, 26, 0, 0, 0, 0, 0, 0, 6, 32
"d:\Projects\C\cleonos\clks\include\clks\fs.h", "C++", 0, 0, 0, 0, 0, 0, 0, 0, 23, 0, 0, 0, 0, 0, 0, 7, 30
"d:\Projects\C\cleonos\clks\include\clks\heap.h", "C++", 0, 0, 0, 0, 0, 0, 0, 0, 15, 0, 0, 0, 0, 0, 0, 4, 19
"d:\Projects\C\cleonos\clks\include\clks\interrupts.h", "C++", 0, 0, 0, 0, 0, 0, 0, 0, 6, 0, 0, 0, 0, 0, 0, 3, 9
"d:\Projects\C\cleonos\clks\include\clks\kelf.h", "C++", 0, 0, 0, 0, 0, 0, 0, 0, 9, 0, 0, 0, 0, 0, 0, 5, 14
"d:\Projects\C\cleonos\clks\include\clks\kernel.h", "C++", 0, 0, 0, 0, 0, 0, 0, 0, 4, 0, 0, 0, 0, 0, 0, 2, 6
"d:\Projects\C\cleonos\clks\include\clks\keyboard.h", "C++", 0, 0, 0, 0, 0, 0, 0, 0, 27, 0, 0, 0, 0, 0, 0, 6, 33
"d:\Projects\C\cleonos\clks\include\clks\limine.h", "C++", 0, 0, 0, 0, 0, 0, 0, 0, 132, 0, 0, 0, 0, 0, 0, 24, 156
"d:\Projects\C\cleonos\clks\include\clks\log.h", "C++", 0, 0, 0, 0, 0, 0, 0, 0, 14, 0, 0, 0, 0, 0, 0, 5, 19
"d:\Projects\C\cleonos\clks\include\clks\mouse.h", "C++", 0, 0, 0, 0, 0, 0, 0, 0, 20, 0, 0, 0, 0, 0, 0, 6, 26
"d:\Projects\C\cleonos\clks\include\clks\panic.h", "C++", 0, 0, 0, 0, 0, 0, 0, 0, 12, 0, 0, 0, 0, 0, 0, 4, 16
"d:\Projects\C\cleonos\clks\include\clks\pmm.h", "C++", 0, 0, 0, 0, 0, 0, 0, 0, 16, 0, 0, 0, 0, 0, 0, 5, 21
"d:\Projects\C\cleonos\clks\include\clks\ramdisk.h", "C++", 0, 0, 0, 0, 0, 0, 0, 0, 17, 0, 0, 0, 0, 0, 0, 8, 25
"d:\Projects\C\cleonos\clks\include\clks\scheduler.h", "C++", 0, 0, 0, 0, 0, 0, 0, 0, 18, 0, 0, 0, 0, 0, 0, 5, 23
"d:\Projects\C\cleonos\clks\include\clks\serial.h", "C++", 0, 0, 0, 0, 0, 0, 0, 0, 6, 0, 0, 0, 0, 0, 0, 2, 8
"d:\Projects\C\cleonos\clks\include\clks\service.h", "C++", 0, 0, 0, 0, 0, 0, 0, 0, 31, 0, 0, 0, 0, 0, 0, 8, 39
"d:\Projects\C\cleonos\clks\include\clks\shell.h", "C++", 0, 0, 0, 0, 0, 0, 0, 0, 7, 0, 0, 0, 0, 0, 0, 3, 10
"d:\Projects\C\cleonos\clks\include\clks\string.h", "C++", 0, 0, 0, 0, 0, 0, 0, 0, 9, 0, 0, 0, 0, 0, 0, 3, 12
"d:\Projects\C\cleonos\clks\include\clks\syscall.h", "C++", 0, 0, 0, 0, 0, 0, 0, 0, 88, 0, 0, 0, 0, 0, 0, 5, 93
"d:\Projects\C\cleonos\clks\include\clks\task.h", "C++", 0, 0, 0, 0, 0, 0, 0, 0, 24, 0, 0, 0, 0, 0, 0, 7, 31
"d:\Projects\C\cleonos\clks\include\clks\tty.h", "C++", 0, 0, 0, 0, 0, 0, 0, 0, 15, 0, 0, 0, 0, 0, 0, 4, 19
"d:\Projects\C\cleonos\clks\include\clks\types.h", "C++", 0, 0, 0, 0, 0, 0, 0, 0, 17, 0, 0, 0, 0, 0, 0, 6, 23
"d:\Projects\C\cleonos\clks\include\clks\userland.h", "C++", 0, 0, 0, 0, 0, 0, 0, 0, 12, 0, 0, 0, 0, 0, 0, 4, 16
"d:\Projects\C\cleonos\clks\kernel\desktop.c", "C", 0, 0, 0, 0, 0, 0, 321, 0, 0, 0, 0, 0, 0, 0, 0, 86, 407
"d:\Projects\C\cleonos\clks\kernel\driver.c", "C", 0, 0, 0, 0, 0, 0, 169, 0, 0, 0, 0, 0, 0, 0, 0, 49, 218
"d:\Projects\C\cleonos\clks\kernel\elf64.c", "C", 0, 0, 0, 0, 0, 0, 239, 0, 0, 0, 0, 0, 0, 0, 0, 73, 312
"d:\Projects\C\cleonos\clks\kernel\elfrunner.c", "C", 0, 0, 0, 0, 0, 0, 30, 0, 0, 0, 0, 0, 0, 0, 0, 8, 38
"d:\Projects\C\cleonos\clks\kernel\exec.c", "C", 0, 0, 0, 0, 0, 0, 2037, 0, 0, 0, 0, 0, 0, 0, 1, 555, 2593
"d:\Projects\C\cleonos\clks\kernel\fs.c", "C", 0, 0, 0, 0, 0, 0, 701, 0, 0, 0, 0, 0, 0, 0, 0, 222, 923
"d:\Projects\C\cleonos\clks\kernel\heap.c", "C", 0, 0, 0, 0, 0, 0, 134, 0, 0, 0, 0, 0, 0, 0, 0, 42, 176
"d:\Projects\C\cleonos\clks\kernel\interrupts.c", "C", 0, 0, 0, 0, 0, 0, 317, 0, 0, 0, 0, 0, 0, 0, 0, 44, 361
"d:\Projects\C\cleonos\clks\kernel\kelf.c", "C", 0, 0, 0, 0, 0, 0, 203, 0, 0, 0, 0, 0, 0, 0, 1, 53, 257
"d:\Projects\C\cleonos\clks\kernel\keyboard.c", "C", 0, 0, 0, 0, 0, 0, 379, 0, 0, 0, 0, 0, 0, 0, 0, 96, 475
"d:\Projects\C\cleonos\clks\kernel\kmain.c", "C", 0, 0, 0, 0, 0, 0, 388, 0, 0, 0, 0, 0, 0, 0, 1, 77, 466
"d:\Projects\C\cleonos\clks\kernel\limine_requests.c", "C", 0, 0, 0, 0, 0, 0, 76, 0, 0, 0, 0, 0, 0, 0, 0, 26, 102
"d:\Projects\C\cleonos\clks\kernel\log.c", "C", 0, 0, 0, 0, 0, 0, 185, 0, 0, 0, 0, 0, 0, 0, 0, 48, 233
"d:\Projects\C\cleonos\clks\kernel\mouse.c", "C", 0, 0, 0, 0, 0, 0, 246, 0, 0, 0, 0, 0, 0, 0, 0, 63, 309
"d:\Projects\C\cleonos\clks\kernel\panic.c", "C", 0, 0, 0, 0, 0, 0, 546, 0, 0, 0, 0, 0, 0, 0, 0, 155, 701
"d:\Projects\C\cleonos\clks\kernel\pmm.c", "C", 0, 0, 0, 0, 0, 0, 82, 0, 0, 0, 0, 0, 0, 0, 0, 23, 105
"d:\Projects\C\cleonos\clks\kernel\ramdisk.c", "C", 0, 0, 0, 0, 0, 0, 172, 0, 0, 0, 0, 0, 0, 0, 0, 50, 222
"d:\Projects\C\cleonos\clks\kernel\scheduler.c", "C", 0, 0, 0, 0, 0, 0, 136, 0, 0, 0, 0, 0, 0, 0, 0, 44, 180
"d:\Projects\C\cleonos\clks\kernel\service.c", "C", 0, 0, 0, 0, 0, 0, 113, 0, 0, 0, 0, 0, 0, 0, 0, 34, 147
"d:\Projects\C\cleonos\clks\kernel\shell.c", "C", 0, 0, 0, 0, 0, 0, 1250, 0, 0, 0, 0, 0, 0, 0, 0, 317, 1567
"d:\Projects\C\cleonos\clks\kernel\syscall.c", "C", 0, 0, 0, 0, 0, 0, 1588, 0, 0, 0, 0, 0, 0, 0, 0, 401, 1989
"d:\Projects\C\cleonos\clks\kernel\tty.c", "C", 0, 0, 0, 0, 0, 0, 1188, 0, 0, 0, 0, 0, 0, 0, 0, 290, 1478
"d:\Projects\C\cleonos\clks\kernel\userland.c", "C", 0, 0, 0, 0, 0, 0, 145, 0, 0, 0, 0, 0, 0, 0, 0, 38, 183
"d:\Projects\C\cleonos\clks\lib\libc_compat.c", "C", 0, 0, 0, 0, 0, 0, 25, 0, 0, 0, 0, 0, 0, 0, 0, 7, 32
"d:\Projects\C\cleonos\clks\lib\string.c", "C", 0, 0, 0, 0, 0, 0, 54, 0, 0, 0, 0, 0, 0, 0, 0, 16, 70
"d:\Projects\C\cleonos\clks\rust\src\lib.rs", "Rust", 0, 0, 0, 21, 0, 0, 0, 0, 0, 0, 0, 0, 0, 0, 0, 6, 27
"d:\Projects\C\cleonos\cmake\check_tools.cmake", "CMake", 0, 0, 0, 0, 34, 0, 0, 0, 0, 0, 0, 0, 0, 0, 0, 7, 41
"d:\Projects\C\cleonos\cmake\gen_kernel_symbols.cmake", "CMake", 0, 0, 0, 0, 80, 0, 0, 0, 0, 0, 0, 0, 0, 0, 0, 26, 106
"d:\Projects\C\cleonos\cmake\log.cmake", "CMake", 0, 0, 0, 0, 30, 0, 0, 0, 0, 0, 0, 0, 0, 0, 0, 6, 36
"d:\Projects\C\cleonos\cmake\log_emit.cmake", "CMake", 0, 0, 0, 0, 23, 0, 0, 0, 0, 0, 0, 0, 0, 0, 0, 6, 29
"d:\Projects\C\cleonos\cmake\setup_limine.cmake", "CMake", 0, 0, 0, 0, 100, 0, 0, 0, 0, 0, 0, 0, 0, 0, 0, 19, 119
"d:\Projects\C\cleonos\configs\limine.conf", "Properties", 0, 0, 0, 0, 0, 0, 0, 0, 0, 0, 6, 0, 0, 0, 0, 1, 7
"d:\Projects\C\cleonos\configs\menuconfig\clks_features.json", "JSON", 0, 0, 0, 0, 0, 0, 0, 0, 0, 196, 0, 0, 0, 0, 0, 1, 197
"d:\Projects\C\cleonos\docs\README.md", "Markdown", 0, 0, 31, 0, 0, 0, 0, 0, 0, 0, 0, 0, 0, 0, 0, 4, 35
"d:\Projects\C\cleonos\docs\stage1.md", "Markdown", 0, 0, 41, 0, 0, 0, 0, 0, 0, 0, 0, 0, 0, 0, 0, 5, 46
"d:\Projects\C\cleonos\docs\stage10.md", "Markdown", 0, 0, 34, 0, 0, 0, 0, 0, 0, 0, 0, 0, 0, 0, 0, 6, 40
"d:\Projects\C\cleonos\docs\stage11.md", "Markdown", 0, 0, 36, 0, 0, 0, 0, 0, 0, 0, 0, 0, 0, 0, 0, 5, 41
"d:\Projects\C\cleonos\docs\stage12.md", "Markdown", 0, 0, 40, 0, 0, 0, 0, 0, 0, 0, 0, 0, 0, 0, 0, 6, 46
"d:\Projects\C\cleonos\docs\stage13.md", "Markdown", 0, 0, 34, 0, 0, 0, 0, 0, 0, 0, 0, 0, 0, 0, 0, 6, 40
"d:\Projects\C\cleonos\docs\stage14.md", "Markdown", 0, 0, 44, 0, 0, 0, 0, 0, 0, 0, 0, 0, 0, 0, 0, 8, 52
"d:\Projects\C\cleonos\docs\stage15.md", "Markdown", 0, 0, 47, 0, 0, 0, 0, 0, 0, 0, 0, 0, 0, 0, 0, 7, 54
"d:\Projects\C\cleonos\docs\stage2.md", "Markdown", 0, 0, 30, 0, 0, 0, 0, 0, 0, 0, 0, 0, 0, 0, 0, 5, 35
"d:\Projects\C\cleonos\docs\stage20.md", "Markdown", 0, 0, 46, 0, 0, 0, 0, 0, 0, 0, 0, 0, 0, 0, 0, 6, 52
"d:\Projects\C\cleonos\docs\stage21.md", "Markdown", 0, 0, 72, 0, 0, 0, 0, 0, 0, 0, 0, 0, 0, 0, 0, 7, 79
"d:\Projects\C\cleonos\docs\stage22.md", "Markdown", 0, 0, 68, 0, 0, 0, 0, 0, 0, 0, 0, 0, 0, 0, 0, 7, 75
"d:\Projects\C\cleonos\docs\stage23.md", "Markdown", 0, 0, 41, 0, 0, 0, 0, 0, 0, 0, 0, 0, 0, 0, 0, 6, 47
"d:\Projects\C\cleonos\docs\stage24.md", "Markdown", 0, 0, 42, 0, 0, 0, 0, 0, 0, 0, 0, 0, 0, 0, 0, 7, 49
"d:\Projects\C\cleonos\docs\stage25.md", "Markdown", 0, 0, 58, 0, 0, 0, 0, 0, 0, 0, 0, 0, 0, 0, 0, 7, 65
"d:\Projects\C\cleonos\docs\stage26.md", "Markdown", 0, 0, 32, 0, 0, 0, 0, 0, 0, 0, 0, 0, 0, 0, 0, 7, 39
"d:\Projects\C\cleonos\docs\stage27.md", "Markdown", 0, 0, 32, 0, 0, 0, 0, 0, 0, 0, 0, 0, 0, 0, 0, 7, 39
"d:\Projects\C\cleonos\docs\stage28.md", "Markdown", 0, 0, 37, 0, 0, 0, 0, 0, 0, 0, 0, 0, 0, 0, 0, 7, 44
"d:\Projects\C\cleonos\docs\stage29.md", "Markdown", 0, 0, 33, 0, 0, 0, 0, 0, 0, 0, 0, 0, 0, 0, 0, 7, 40
"d:\Projects\C\cleonos\docs\stage3.md", "Markdown", 0, 0, 29, 0, 0, 0, 0, 0, 0, 0, 0, 0, 0, 0, 0, 5, 34
"d:\Projects\C\cleonos\docs\stage4.md", "Markdown", 0, 0, 30, 0, 0, 0, 0, 0, 0, 0, 0, 0, 0, 0, 0, 5, 35
"d:\Projects\C\cleonos\docs\stage5.md", "Markdown", 0, 0, 29, 0, 0, 0, 0, 0, 0, 0, 0, 0, 0, 0, 0, 5, 34
"d:\Projects\C\cleonos\docs\stage6.md", "Markdown", 0, 0, 30, 0, 0, 0, 0, 0, 0, 0, 0, 0, 0, 0, 0, 6, 36
"d:\Projects\C\cleonos\docs\stage7.md", "Markdown", 0, 0, 34, 0, 0, 0, 0, 0, 0, 0, 0, 0, 0, 0, 0, 6, 40
"d:\Projects\C\cleonos\docs\stage8.md", "Markdown", 0, 0, 31, 0, 0, 0, 0, 0, 0, 0, 0, 0, 0, 0, 0, 6, 37
"d:\Projects\C\cleonos\docs\stage9.md", "Markdown", 0, 0, 31, 0, 0, 0, 0, 0, 0, 0, 0, 0, 0, 0, 0, 6, 37
"d:\Projects\C\cleonos\docs\syscall.md", "Markdown", 0, 0, 453, 0, 0, 0, 0, 0, 0, 0, 0, 0, 0, 0, 0, 192, 645
"d:\Projects\C\cleonos\ramdisk\dev\random", "C++", 0, 0, 0, 0, 0, 0, 0, 0, 0, 0, 0, 0, 0, 0, 0, 1, 1
"d:\Projects\C\cleonos\ramdisk\shell\init.cmd", "Batch", 0, 0, 0, 0, 0, 0, 0, 0, 0, 0, 0, 0, 4, 0, 0, 2, 6
"d:\Projects\C\cleonos\scripts\gen-tty-psf.ps1", "PowerShell", 0, 0, 0, 0, 0, 0, 0, 0, 0, 0, 0, 171, 0, 0, 2, 42, 215
"d:\Projects\C\cleonos\scripts\menuconfig.py", "Python", 986, 0, 0, 0, 0, 0, 0, 0, 0, 0, 0, 0, 0, 0, 24, 204, 1214
"d:\Projects\C\cleonos\wine\README.md", "Markdown", 0, 0, 49, 0, 0, 0, 0, 0, 0, 0, 0, 0, 0, 0, 0, 19, 68
"d:\Projects\C\cleonos\wine\cleonos_wine.py", "Python", 3, 0, 0, 0, 0, 0, 0, 0, 0, 0, 0, 0, 0, 0, 1, 3, 7
"d:\Projects\C\cleonos\wine\cleonos_wine_lib\__init__.py", "Python", 4, 0, 0, 0, 0, 0, 0, 0, 0, 0, 0, 0, 0, 0, 0, 1, 5
"d:\Projects\C\cleonos\wine\cleonos_wine_lib\cli.py", "Python", 44, 0, 0, 0, 0, 0, 0, 0, 0, 0, 0, 0, 0, 0, 0, 10, 54
"d:\Projects\C\cleonos\wine\cleonos_wine_lib\constants.py", "Python", 76, 0, 0, 0, 0, 0, 0, 0, 0, 0, 0, 0, 0, 0, 1, 11, 88
"d:\Projects\C\cleonos\wine\cleonos_wine_lib\input_pump.py", "Python", 82, 0, 0, 0, 0, 0, 0, 0, 0, 0, 0, 0, 0, 0, 0, 17, 99
"d:\Projects\C\cleonos\wine\cleonos_wine_lib\platform.py", "Python", 55, 0, 0, 0, 0, 0, 0, 0, 0, 0, 0, 0, 0, 0, 0, 5, 60
"d:\Projects\C\cleonos\wine\cleonos_wine_lib\runner.py", "Python", 990, 0, 0, 0, 0, 0, 0, 0, 0, 0, 0, 0, 0, 0, 0, 175, 1165
"d:\Projects\C\cleonos\wine\cleonos_wine_lib\state.py", "Python", 164, 0, 0, 0, 0, 0, 0, 0, 0, 0, 0, 0, 0, 0, 0, 40, 204
"d:\Projects\C\cleonos\wine\requirements.txt", "pip requirements", 0, 0, 0, 0, 0, 1, 0, 0, 0, 0, 0, 0, 0, 0, 0, 1, 2
"Total", "-", 2404, 76, 1698, 44, 1043, 1, 23130, 130, 1274, 196, 6, 171, 4, 148, 37, 7514, 37876